Tweets,len,ID,Date,Source,Likes,RTs,Market Movement,SA
"RT @WhiteHouse: In response to the virus, the American people have launched the greatest mobilization of our society since World War II. üá∫üá∏‚Ä¶",140,1248716255001030656,2020-04-10 20:55:29,Twitter for iPhone,0,5323,0,1
"RT @WhiteHouse: This Sunday, millions of Christians will celebrate Easter. 

""At this holy time, we pray that God will heal the sick and co‚Ä¶",140,1248716218867101696,2020-04-10 20:55:21,Twitter for iPhone,0,7271,-1,-1
RT @WhiteHouse: The data is clear: Our collective national effort is saving many lives. Keep up the fight! https://t.co/MMk1BpwDpg,130,1248716207311773702,2020-04-10 20:55:18,Twitter for iPhone,0,4199,1,1
RT @WhiteHouse: LIVE: Press Briefing with Coronavirus Task Force https://t.co/OtJWAa9yHo,88,1248670360507121665,2020-04-10 17:53:07,Twitter for iPhone,0,6191,-1,1
https://t.co/HGD0GHUOjt,23,1248653185969016833,2020-04-10 16:44:53,Twitter for iPhone,67151,18949,-1,0
"Nobody wants to say that if Elizabeth Warren gets out of the race before Super Tuesday, Crazy Bernie Sanders wins v‚Ä¶ https://t.co/NRcJmZAXLG",140,1248637403893583872,2020-04-10 15:42:10,Twitter for iPhone,86022,17562,1,1
RT @trish_regan: AG #Barr says he believes #Russia investigation into #PresTrump was started without basis &amp; effectively amounted to an eff‚Ä¶,144,1248632106135273473,2020-04-10 15:21:07,Twitter for iPhone,0,14446,1,1
RT @TomFitton: AG William Barr says Russia probe targeting @RealDonaldTrump was started 'without basis'. Where are the prosections? https:/‚Ä¶,140,1248632037839450113,2020-04-10 15:20:50,Twitter for iPhone,0,12175,0,0
RT @brithume: Barr on the right track here. Most in the media went in the other direction.  https://t.co/Wyd20ZABgF,115,1248631911456616448,2020-04-10 15:20:20,Twitter for iPhone,0,10654,0,1
The Invisible Enemy will soon be in full retreat!,49,1248630671754563585,2020-04-10 15:15:25,Twitter for iPhone,286708,55935,1,1
"Because the T.V. Ratings for the White House News Conference‚Äôs are the highest, the Opposition Party (Lamestream Me‚Ä¶ https://t.co/aDU9l8UQnu",140,1248620923248205824,2020-04-10 14:36:41,Twitter for iPhone,83821,20404,1,0
"The White House Press Conference will take place today at 1:00 P.M., recognizing that it is Good Friday!",104,1248620586663702530,2020-04-10 14:35:20,Twitter for iPhone,70281,14745,0,1
HAPPY GOOD FRIDAY TO ALL!,25,1248619884688199682,2020-04-10 14:32:33,Twitter for iPhone,288001,41543,0,1
"Wow, Approval Rating in the Republican Party - 96%. Thank you!",62,1248615335139262470,2020-04-10 14:14:28,Twitter for iPhone,168966,25330,1,1
RT @SenTomCotton: .@Max_Fisher claims‚Äîwithout evidence‚Äîthat I believe the China virus was ‚Äúproduced by a Chinese weapons lab.‚Äù He should ha‚Ä¶,140,1248591409743003650,2020-04-10 12:39:24,Twitter for iPhone,0,6381,0,0
RT @SenTomCotton: Very grateful for the people of Vietnam and their generosity during this time. Thank you!,107,1248591187893772290,2020-04-10 12:38:31,Twitter for iPhone,0,6400,-1,1
"RT @SaraCarterDC: WHO Director Says Politicizing COVID19 Leads To 'body bags,' But He Was Accused Of Covering Up Epidemics In Ethiopia

 ht‚Ä¶",140,1248590947019096064,2020-04-10 12:37:34,Twitter for iPhone,0,12569,0,0
"RT @SaraCarterDC: Former Flynn Defense Counsel Covington and Burling 'just now found additional docs' In Flynn File - Sara A. Carter

‚ÄúWe a‚Ä¶",140,1248590878870065152,2020-04-10 12:37:17,Twitter for iPhone,0,12277,1,0
"Not good Gregg, but it is what it is. Have to save the airlines! https://t.co/AeaiLCO9pg",88,1248590616151367686,2020-04-10 12:36:15,Twitter for iPhone,38024,8755,0,-1
RT @GreggJarrett: Coronavirus Crisis ‚Äì Americans Fear the Lockdown More Than The Virus https://t.co/hVDzBPypAQ,110,1248590177259446277,2020-04-10 12:34:30,Twitter for iPhone,0,6437,-1,1
RT @Sedona4ProLife: @realDailyWire Can't beat Trump! https://t.co/uEQ1hmCj1a,76,1248589607043846144,2020-04-10 12:32:14,Twitter for iPhone,0,4451,0,0
RT @THE_REDLILY: @EM_KA_17 @senatemajldr THEY ARE EVIL PEOPLE PERIOD‚ÄºÔ∏è https://t.co/Nr4TSxcPSp,94,1248589058722406400,2020-04-10 12:30:03,Twitter for iPhone,0,4788,1,-1
"RT @zeusFanHouse: #Trump #Coronavirus Campaign Ad Features Joe Biden Cheerleading for China

‚ÄúDuring America‚Äôs #crisis,Biden protected #Chi‚Ä¶",140,1248589007329595392,2020-04-10 12:29:51,Twitter for iPhone,0,8741,-1,0
"RT @Thaun84: @realDailyWire If Trump is tied with Biden, it probably actually means he is 10 points ahead.",106,1248588594991824897,2020-04-10 12:28:13,Twitter for iPhone,0,3399,0,0
RT @realDailyWire: Fauci: We‚Äôre On Track For More ‚ÄòNormal‚Äô Summer; Mnuchin: Likely To Begin ‚ÄòReopening‚Äô In May https://t.co/uGVesET2cr http‚Ä¶,140,1248587444808712192,2020-04-10 12:23:39,Twitter for iPhone,0,4353,1,1
RT @cybergenica: AG William Barr on the Russia investigation: 'There's something far more troubling here' https://t.co/l9pwO7PCYZ #FoxNews‚Ä¶,139,1248586592777797632,2020-04-10 12:20:15,Twitter for iPhone,0,6767,1,1
RT @cybergenica: Trump vows coronavirus-ravaged economy will 'bounce' back https://t.co/6r0LJknEY5 #FoxNews #CNN #MSNBC,119,1248586447231299584,2020-04-10 12:19:41,Twitter for iPhone,0,4237,-1,0
RT @cybergenica: Macron faces calls to allow wider use hydroxychloroquine in coronavirus fight: report https://t.co/APZk7159k0 #FoxNews #CN‚Ä¶,140,1248586394311761920,2020-04-10 12:19:28,Twitter for iPhone,0,4931,0,0
"Congress must go back to DEDUCTIBILITY by businesses if Restaurants, Clubs &amp; Entertaiment is expected to flourish (like never before)!",138,1248578583225872385,2020-04-10 11:48:26,Twitter for iPhone,66235,14495,-1,-1
Democrats are blocking a 251 Billion Dollar funding boost for Small Businesses which will help them keep their empl‚Ä¶ https://t.co/ashxJ7mPAU,140,1248574557616779264,2020-04-10 11:32:26,Twitter for iPhone,100597,28106,-1,-1
"This week, in only 4 days, we had the biggest Stock Market increase since 1974. We have a great chance for the real‚Ä¶ https://t.co/czvHUd1jux",140,1248574029289619458,2020-04-10 11:30:20,Twitter for iPhone,185051,31462,1,1
RT @KimStrassel: The World Health Organization‚Äôs bows to China have harmed the global response to the coronavirus.  https://t.co/uC0kgXFCK9‚Ä¶,140,1248480650199306242,2020-04-10 05:19:17,Twitter for iPhone,0,10167,0,0
RT @KimStrassel: Bernie Sanders gives up on the nomination but is determined to force Joe Biden leftward‚Äîmaking him unelectable in the proc‚Ä¶,140,1248480517634183168,2020-04-10 05:18:45,Twitter for iPhone,0,6297,-1,0
RT @KimStrassel: Pelosi holds up small business: Democrats may let a new relief program run out of money.  https://t.co/2nihHg8DQw via @WSJ,139,1248480137365970945,2020-04-10 05:17:15,Twitter for iPhone,0,11325,0,-1
"RT @BBCBreaking: Prime Minister Boris Johnson has been moved out of intensive care but remains in hospital, Downing Street says https://t.c‚Ä¶",140,1248479801033125890,2020-04-10 05:15:54,Twitter for iPhone,0,8726,0,0
RT @searcyroger52: @IngrahamAngle if you continue to have loud mouth low IQ Chris Hahn on your show you‚Äôre going to loose me and many other‚Ä¶,140,1248479591947108352,2020-04-10 05:15:05,Twitter for iPhone,0,5095,1,1
"RT @TommyHicksGOP: ‚ÄúPresident Trump‚Äôs campaign remains at the forefront of digital campaigning and engagement‚Ä¶Sleepy Joe‚Äôs broadcasts, whic‚Ä¶",140,1248478219096842241,2020-04-10 05:09:37,Twitter for iPhone,0,4418,1,0
RT @TeamTrump: MUST READ op-ed from @LizRNC: Isn‚Äôt it strange how every Democrat proposal for voting during a pandemic is exactly what Demo‚Ä¶,140,1248478055992946689,2020-04-10 05:08:58,Twitter for iPhone,0,6472,1,1
"RT @CLH45: ""Our goal is - first, second and third - to get relief to people who need it, quickly. So, we're trying to do it as swiftly as p‚Ä¶",140,1248477968835301376,2020-04-10 05:08:38,Twitter for iPhone,0,4781,-1,1
"RT @TeamTrump: Secretary of State @mikepompeo announces that the State Department has repatriated 50,000 Americans! https://t.co/iWHLL2pHHd",139,1248477355284152325,2020-04-10 05:06:11,Twitter for iPhone,0,4875,0,0
"RT @parscale: The @TeamTrump online campaign is üî•üî•üî•!

Since going all-virtual March 13:

‚ùóÔ∏è276K NEW volunteers
‚ùóÔ∏è13,347,694 volunteer calls‚Ä¶",140,1248477319527718912,2020-04-10 05:06:03,Twitter for iPhone,0,9317,0,1
"RT @GaryCoby: Trump vs Establishment - Part 2!

#SleepyJoe Loves...
‚úÖ China
‚úÖ Open Borders
‚úÖ Free Healthcare for Illegals
‚úÖ Big Government‚Ä¶",139,1248477225327808515,2020-04-10 05:05:40,Twitter for iPhone,0,4249,0,1
RT @FrancisBrennan: ‚ÄúTrump Campaign: The President Will Destroy Biden in November‚Äù https://t.co/wOLQ1roYzk,106,1248477048042999808,2020-04-10 05:04:58,Twitter for iPhone,0,3637,-1,-1
"RT @FrancisBrennan: What is Joe Biden doing with his hand here?

It looks like Biden‚Äôs teleprompter went down during his coronavirus press‚Ä¶",139,1248476961933938688,2020-04-10 05:04:37,Twitter for iPhone,0,4192,0,-1
"RT @LizRNC: AG Barr on Durham probe:

""He is looking to bring to justice people who were engaged in abuses if he can show that they were cr‚Ä¶",140,1248476931000954887,2020-04-10 05:04:30,Twitter for iPhone,0,7451,1,0
RT @ErinMPerrine: Dem establishment got the candidate they wanted with Biden &amp; his policies are right in line w/ Socialist Bernie -- BAD FO‚Ä¶,144,1248476115879907330,2020-04-10 05:01:16,Twitter for iPhone,0,3979,0,-1
RT @TeamTrump: Team Trump Communications Director @TimMurtaugh on how important the #PaycheckProtectionProgram is for American Small Busine‚Ä¶,140,1248475940176285696,2020-04-10 05:00:34,Twitter for iPhone,0,3530,1,1
"RT @FLOTUS: As the CDC continues to study the spread of the COVID-19, they recommend people wear cloth face coverings in public settings wh‚Ä¶",140,1248475906001125379,2020-04-10 05:00:26,Twitter for iPhone,0,14343,1,0
"RT @CNBCnow: BREAKING: Democrats block McConnell‚Äôs effort to get unanimous support for $250 billion in additional small business aid 
https‚Ä¶",140,1248475405033418754,2020-04-10 04:58:26,Twitter for iPhone,0,7351,0,-1
RT @AndrewHClark: Slow slow Sleepy Joe https://t.co/Fuoki6vGYO,62,1248475348263526400,2020-04-10 04:58:13,Twitter for iPhone,0,3779,-1,-1
Tim Scott is Great! https://t.co/O1Aivbc2yG,43,1248475288171761671,2020-04-10 04:57:58,Twitter for iPhone,37672,9956,-1,1
Thank you Frank. It‚Äôs ABC Fake News. They knew they were wrong when they went with this Hoax of a story! https://t.co/FHkRaW3BTi,128,1248474879227097094,2020-04-10 04:56:21,Twitter for iPhone,62636,17717,0,-1
RT @JuddPDeere45: .@realDonaldTrump and @senatemajldr are fighting to help small businesses across this country. #COVID19 #AmericaWorksToge‚Ä¶,140,1248474211187707904,2020-04-10 04:53:42,Twitter for iPhone,0,3574,0,-1
RT @MZanona: House Minority Leader Kevin McCarthy said it's ‚Äúdisgusting‚Äù that Dems are pushing to include money for mail-in voting in the n‚Ä¶,140,1248473668327313414,2020-04-10 04:51:32,Twitter for iPhone,0,5078,0,-1
"RT @Surabees: Just like @CNN did earlier today, here's @nytimes once again changing a headline to protect their close personal friends in t‚Ä¶",140,1248473431512768512,2020-04-10 04:50:36,Twitter for iPhone,0,5214,0,0
"RT @ErinMPerrine: 100% mail in voting is ripe for fraud. States should maintain the responsibility for their voting laws.

Democrats want t‚Ä¶",140,1248472868381274118,2020-04-10 04:48:21,Twitter for iPhone,0,5499,1,0
"RT @FLOTUS: Today I joined @POTUS, @VP, &amp; @SecondLady on a call w Mental Health Professionals. Americans are enduring many hardships becaus‚Ä¶",144,1248472580358418434,2020-04-10 04:47:13,Twitter for iPhone,0,9907,0,1
"RT @BenGoldey: President @realDonaldTrump just announced: ‚ÄúStudent loan payments have been waived for 6 months, and we'll discuss it after‚Ä¶",139,1248472476964646913,2020-04-10 04:46:48,Twitter for iPhone,0,7735,1,0
RT @GOPconvention: ‚ÄúThe Republican Convention is going to be such a benefit for the city. It‚Äôs going to show everyone around the world that‚Ä¶,140,1248472366994173952,2020-04-10 04:46:22,Twitter for iPhone,0,3434,-1,0
Thank you Erin! https://t.co/m8HRlK6VCY,39,1248472226711531529,2020-04-10 04:45:48,Twitter for iPhone,53176,9644,-1,0
"RT @Jim_Jordan: Chuck Schumer will never pass up an opportunity to play partisan games.
https://t.co/SrMlN4MR7X",111,1248469991092965376,2020-04-10 04:36:55,Twitter for iPhone,0,12510,1,0
RT @realDonaldTrump: The Wall Street Journal always ‚Äúforgets‚Äù to mention that the ratings for the White House Press Briefings are ‚Äúthrough‚Ä¶,139,1248469933874237440,2020-04-10 04:36:42,Twitter for iPhone,0,28326,1,0
RT @realDonaldTrump: Great News: Prime Minister Boris Johnson has just been moved out of Intensive Care. Get well Boris!!!,122,1248469925208842240,2020-04-10 04:36:40,Twitter for iPhone,0,54017,-1,1
"RT @realDonaldTrump: On National Former Prisoner of War Recognition Day, we honor the more than 500,000 American warriors captured while pr‚Ä¶",140,1248469834054000640,2020-04-10 04:36:18,Twitter for iPhone,0,21816,-1,1
RT @Jim_Jordan: New transcripts show that James Comey‚Äôs FBI sought dirt on the Trump Campaign less than TWO WEEKS before the 2016 election.‚Ä¶,140,1248469740101595136,2020-04-10 04:35:56,Twitter for iPhone,0,15709,0,-1
RT @Scavino45: https://t.co/V4dAJ4RKfy,38,1248468993947488256,2020-04-10 04:32:58,Twitter for iPhone,0,5625,-1,0
RT @Scavino45: https://t.co/Ge6pvUufNB,38,1248468797796696065,2020-04-10 04:32:11,Twitter for iPhone,0,4091,0,0
"RT @USNavy: Superheroes exist in real life, for we walk among them! 

Shout out to all the dedicated health professionals and Sailors acros‚Ä¶",140,1248468735041527809,2020-04-10 04:31:56,Twitter for iPhone,0,4453,0,1
RT @DHS_Wolf: An international cargo plane landed at Louisville International Airport with crucial medical supplies destined for critical l‚Ä¶,140,1248468490819751940,2020-04-10 04:30:58,Twitter for iPhone,0,2207,1,0
"RT @FEMA_Pete: Multiple #ProjectAirBridge flights arrived in Chicago, IL today &amp; included:
 
‚Ä¢ 49M+ gloves
‚Ä¢ 507k+ gowns
‚Ä¢ 8.7M+ masks
 
Th‚Ä¶",144,1248468373370843139,2020-04-10 04:30:30,Twitter for iPhone,0,2283,1,0
"RT @UPS_News: FEMA‚ÄôS ‚ÄòProject Airbridge‚Äô Takes Flight With 25 @UPS Charter Flights, Dedicated @FEMA Distribution Center  - https://t.co/Tmi‚Ä¶",140,1248468279615557633,2020-04-10 04:30:07,Twitter for iPhone,0,1774,0,-1
"RT @USACEHQ: Fernanda Brooks, Navy Facilities Mid-Atlantic architect, assists Wayne Miller, @norfolkdistrict structural engineer, in a site‚Ä¶",140,1248467975868264448,2020-04-10 04:28:55,Twitter for iPhone,0,1588,-1,0
"RT @fema: We're working with partners to get medical supplies where they are needed by:

üîπ Making the best use of supplies at hand
üîπ Identi‚Ä¶",140,1248467959376310275,2020-04-10 04:28:51,Twitter for iPhone,0,1779,0,1
"RT @NJNationalGuard: NJ National Guard aids in medical care: Col. Stephen McKenzie, a physician assistant with Joint Task Force-57 (JTF-57)‚Ä¶",140,1248467807018205184,2020-04-10 04:28:15,Twitter for iPhone,0,1850,0,0
"RT @realDonaldTrump: This morning, 450,000 protective suits landed in Dallas, Texas. This was made possible because of the partnership of t‚Ä¶",140,1248467731055120387,2020-04-10 04:27:57,Twitter for iPhone,0,20574,0,0
RT @USACE_NY: Time-lapse footage shows efforts to convert sites at SUNY Old Westbury into an alternate care facility.1020 beds for various‚Ä¶,139,1248467612767412228,2020-04-10 04:27:28,Twitter for iPhone,0,1919,0,1
"RT @USACE_NY: The New York District, in conjunction with state, federal and local partners, is constructing an alternate care facility for‚Ä¶",139,1248467495091965953,2020-04-10 04:27:00,Twitter for iPhone,0,1887,-1,1
"....We will always be there for our Great Farmers, Cattlemen, Ranchers, and Producers!",86,1248410991437611010,2020-04-10 00:42:29,Twitter for iPhone,72451,12275,-1,1
"I have directed @SecretarySonny to expedite help to our farmers, especially to the smaller farmers who are hurting‚Ä¶ https://t.co/Kth5WEVEIG",139,1248410989306859520,2020-04-10 00:42:28,Twitter for iPhone,113726,22430,-1,0
RT @WhiteHouse: Project Air Bridge‚Äîa sweeping operation to keep doctors and nurses supplied with protective equipment‚Äîhas completed more th‚Ä¶,140,1248395551441182724,2020-04-09 23:41:08,Twitter for iPhone,0,7297,0,1
"RT @WhiteHouse: ""Let me begin by expressing my sincere gratitude to the American people. Millions of Americans are making profound and diff‚Ä¶",140,1248395480700051457,2020-04-09 23:40:51,Twitter for iPhone,0,8181,1,1
RT @WhiteHouse: Our great American medical system continues to go above and beyond the call of duty. üá∫üá∏ https://t.co/g1MrRG8HYl,127,1248395435107999748,2020-04-09 23:40:40,Twitter for iPhone,0,5671,0,1
RT @WhiteHouse: LIVE: Press Briefing with Coronavirus Task Force https://t.co/38GuIW79Gh,88,1248376066143481862,2020-04-09 22:23:42,Twitter for iPhone,0,5701,0,1
The Wall Street Journal always ‚Äúforgets‚Äù to mention that the ratings for the White House Press Briefings are ‚Äúthrou‚Ä¶ https://t.co/nz1j7iy8K7,140,1248333612212195328,2020-04-09 19:35:00,Twitter for iPhone,129528,28326,0,0
Great News: Prime Minister Boris Johnson has just been moved out of Intensive Care. Get well Boris!!!,101,1248319601647247361,2020-04-09 18:39:20,Twitter for iPhone,437653,54017,0,1
"On National Former Prisoner of War Recognition Day, we honor the more than 500,000 American warriors captured while‚Ä¶ https://t.co/tTpsFGzREf",140,1248277475928530946,2020-04-09 15:51:56,Twitter for iPhone,87882,21816,1,1
.@OANN  A key CoronaVirus Model is now predicting far fewer deaths than the number shown in earlier models. That‚Äôs‚Ä¶ https://t.co/7iyJxbA6BX,139,1248266439582244866,2020-04-09 15:08:05,Twitter for iPhone,180966,31078,1,1
"Absentee Ballots are a great way to vote for the many senior citizens, military, and others who can‚Äôt get to the po‚Ä¶ https://t.co/AiTPROOsHu",140,1248031484532928514,2020-04-08 23:34:27,Twitter for iPhone,196981,49965,1,1
"This morning, 450,000 protective suits landed in Dallas, Texas. This was made possible because of the partnership o‚Ä¶ https://t.co/24aXfmz6vG",140,1248026598860881921,2020-04-08 23:15:03,Twitter for iPhone,97856,20574,0,0
"RT @WhiteHouse: To date, we've shipped out more than 8,000 ventilators, have an additional 10,000 ready to go, and 2,200 more will be avail‚Ä¶",140,1248022702390235140,2020-04-08 22:59:34,Twitter for iPhone,0,11231,0,1
https://t.co/DKY3UPeyak,23,1248020003615457281,2020-04-08 22:48:50,Twitter for iPhone,56944,12527,0,0
RT @WhiteHouse: LIVE: Press Briefing with Coronavirus Task Force https://t.co/jgENbi406M,88,1248004556434235393,2020-04-08 21:47:27,Twitter for iPhone,0,6845,-1,1
"Wishing a HAPPY PASSOVER to those celebrating in the United States, Israel, and around the world! https://t.co/83odnD9yvh",121,1247990240536678402,2020-04-08 20:50:34,Twitter for iPhone,104342,22079,1,1
White House news conference at 5:30 P.M. Eastern. Thank you!,60,1247986878307078150,2020-04-08 20:37:12,Twitter for iPhone,89307,13651,0,0
Extraordinary times require even closer cooperation between friends. Thank you India and the Indian people for the‚Ä¶ https://t.co/aDMD5VmPa8,139,1247950299408498693,2020-04-08 18:11:51,Twitter for iPhone,446973,109798,-1,1
Can‚Äôt see AOC plus 3 supporting Sleepy Joe!,43,1247920239045681159,2020-04-08 16:12:24,Twitter for iPhone,128222,20826,0,1
"Wow, Bernie is unwilling to give up his delegates, and wants more of them! What‚Äôs that all about?",97,1247919539809128451,2020-04-08 16:09:38,Twitter for iPhone,142824,24843,0,1
"Bernie Sanders is OUT! Thank you to Elizabeth Warren. If not for her, Bernie would have won almost every state on S‚Ä¶ https://t.co/0GM0NuY2n8",140,1247914464319504385,2020-04-08 15:49:28,Twitter for iPhone,286940,57643,0,0
FLATTENING OF THE CURVE!,24,1247908643527409665,2020-04-08 15:26:20,Twitter for iPhone,238288,33986,0,0
"Once we OPEN UP OUR GREAT COUNTRY, and it will be sooner rather than later, the horror of the Invisible Enemy, exce‚Ä¶ https://t.co/twqNfJBWkM",140,1247900240155295745,2020-04-08 14:52:56,Twitter for iPhone,214034,38944,-1,1
"...the Fake News Media into not covering them, but that effort failed because the ratings are through the roof acco‚Ä¶ https://t.co/SPIB1hCa8r",140,1247897591611682818,2020-04-08 14:42:25,Twitter for iPhone,72834,15792,-1,-1
The Radical Left Democrats have gone absolutely crazy that I am doing daily Presidential News Conferences. They act‚Ä¶ https://t.co/9Lbv3JWTsr,140,1247897589996908545,2020-04-08 14:42:24,Twitter for iPhone,125299,27553,1,-1
Will be immediately sending 100 Ventilators to Colorado at the request of Senator Gardner! https://t.co/Nj4EPxfZl6,114,1247868300647968771,2020-04-08 12:46:01,Twitter for iPhone,68725,14209,1,0
"RT @AFP: Voicing joy and excitement from behind face masks, tens of thousands of people flee Wuhan after a 76-day travel ban is lifted on t‚Ä¶",140,1247863325599432704,2020-04-08 12:26:15,Twitter for iPhone,0,5006,0,1
RT @AP: The last restrictions on movement have been lifted in the central Chinese city where the coronavirus pandemic began. People are goi‚Ä¶,140,1247863254526951425,2020-04-08 12:25:58,Twitter for iPhone,0,5143,0,0
Republicans should fight very hard when it comes to state wide mail-in voting. Democrats are clamoring for it. Trem‚Ä¶ https://t.co/3ui9R3mQ7B,140,1247861952736526336,2020-04-08 12:20:48,Twitter for iPhone,144490,41384,1,-1
‚ÄúThe number of New Yorkers admitted to hospitals has dropped.‚Äù @ainsleyearhardt @foxandfriends  Good news!,106,1247858593740832772,2020-04-08 12:07:27,Twitter for iPhone,117379,20722,-1,1
https://t.co/nyajxA52Fs,23,1247656321115185154,2020-04-07 22:43:41,Twitter for iPhone,50508,10902,1,0
https://t.co/fiorkR8wtn,23,1247656256741019654,2020-04-07 22:43:26,Twitter for iPhone,49267,10293,0,0
RT @WhiteHouse: LIVE: Press Briefing with Coronavirus Task Force https://t.co/kszgnReztL,88,1247641140507049986,2020-04-07 21:43:22,Twitter for iPhone,0,7505,-1,1
https://t.co/2VsBBtXpfg,23,1247637743011639297,2020-04-07 21:29:52,Twitter Media Studio,67429,21111,1,0
White House news conference at 5:30 P.M. Eastern. Thank you!,60,1247631178959663104,2020-04-07 21:03:47,Twitter for iPhone,87015,12422,1,0
https://t.co/GIzwKSbuuS,23,1247624946005803008,2020-04-07 20:39:01,Twitter for iPhone,45571,10119,-1,0
"Just had a conf call w/ major lenders discussing our Great Small Businesses &amp; the #PPPloan. I ask every company, bi‚Ä¶ https://t.co/sPAAzbiDj9",144,1247615892894220292,2020-04-07 20:03:03,Twitter for iPhone,59506,15563,-1,1
"Wisconsin, get out and vote NOW for Justice Daniel Kelly. Protect your 2nd Amendment!",85,1247546362473975809,2020-04-07 15:26:45,Twitter for iPhone,119310,27637,0,0
"Why didn‚Äôt the I.G., who spent 8 years with the Obama Administration (Did she Report on the failed H1N1 Swine Flu d‚Ä¶ https://t.co/t0hdxZyFP5",140,1247545358705664002,2020-04-07 15:22:46,Twitter for iPhone,156445,40434,1,-1
"The W.H.O. really blew it. For some reason, funded largely by the United States, yet very China centric. We will be‚Ä¶ https://t.co/3C2NWDafia",140,1247540701291638787,2020-04-07 15:04:16,Twitter for iPhone,464464,113905,1,1
RT @AmberSmithUSA: President Trump 'to get involved' in Thomas Modly-Capt. Brett Crozier dispute  https://t.co/k0yWHeIjvc,121,1247521746976038914,2020-04-07 13:48:56,Twitter for iPhone,0,5056,-1,1
"Vote today, Tuesday, for highly respected Republican, Justice Daniel Kelly. Tough on Crime, loves your Military, Ve‚Ä¶ https://t.co/mcpxQG0Sav",140,1247382518376140800,2020-04-07 04:35:42,Twitter for iPhone,81514,21845,-1,-1
RT @realDonaldTrump: Congratulations to State Representative Karen Whitsett of Michigan. So glad you are getting better! https://t.co/v6z46‚Ä¶,140,1247370769023328256,2020-04-07 03:49:01,Twitter for iPhone,0,31555,-1,1
Great job being done by Dr. Nicole Saphier on @FoxNews!,55,1247368253367861249,2020-04-07 03:39:01,Twitter for iPhone,89904,13383,-1,1
https://t.co/oUFOV2HQLo,23,1247366539365486592,2020-04-07 03:32:12,Twitter for iPhone,46766,10674,0,0
https://t.co/JIkrIczC8o,23,1247315888715563015,2020-04-07 00:10:56,Twitter for iPhone,45477,9767,0,0
https://t.co/e3wBhSwDx7,23,1247315718217052164,2020-04-07 00:10:15,Twitter for iPhone,46529,10374,1,0
The Wisconsin Supreme Court ruled that tomorrow‚Äôs election will proceed as scheduled. VOTE for Justice Daniel Kelly‚Ä¶ https://t.co/7tmoQ0CEwq,140,1247315619206266881,2020-04-07 00:09:52,Twitter for iPhone,78953,22767,0,0
RT @WhiteHouse: LIVE: Press Briefing with Coronavirus Task Force https://t.co/Noma8NXmag,88,1247278416195452928,2020-04-06 21:42:02,Twitter for iPhone,0,8199,0,1
White House news conference at 5:45 P.M. Eastern. Thank you!,60,1247274306213724160,2020-04-06 21:25:42,Twitter for iPhone,94909,12971,-1,0
Congratulations to State Representative Karen Whitsett of Michigan. So glad you are getting better! https://t.co/v6z46rUDtg,123,1247268841845141504,2020-04-06 21:03:59,Twitter for iPhone,112877,31555,1,1
https://t.co/GIzwKSbuuS,23,1247230728045236225,2020-04-06 18:32:32,Twitter for iPhone,64953,14808,0,0
Joe Biden wanted the date for the Democrat National Convention moved to a later time period. Now he wants a ‚ÄúVirtua‚Ä¶ https://t.co/8ILFkcZXhh,140,1247185910673952776,2020-04-06 15:34:27,Twitter for iPhone,173598,35280,-1,1
RT @realDonaldTrump: Advertising in the Failing New York Times is WAY down. Washington Post is not much better. I can‚Äôt say whether this is‚Ä¶,140,1247162738444550145,2020-04-06 14:02:22,Twitter for iPhone,0,32102,-1,-1
RT @WhiteHouse: President @realDonaldTrump expressed America's well wishes to Prime Minister Boris Johnson for a speedy recovery. https://t‚Ä¶,140,1247151713225711616,2020-04-06 13:18:34,Twitter for iPhone,0,10452,-1,0
"RT @KatrinaPierson: Starting TONIGHT! 

@TeamTrump #WarRoomWeekly

Following the @realDonaldTrump Covid-19 update!! 

#KAG2020 üá∫üá∏",129,1247151576382349318,2020-04-06 13:18:01,Twitter for iPhone,0,5407,-1,0
"RT @DonaldJTrumpJr: Take a look back and RT what the liberal media and Joe Biden said about President Trump's aggressive, early response to‚Ä¶",140,1247151514914885634,2020-04-06 13:17:46,Twitter for iPhone,0,24161,0,1
Advertising in the Failing New York Times is WAY down. Washington Post is not much better. I can‚Äôt say whether this‚Ä¶ https://t.co/938oilwr3z,140,1247149300175589377,2020-04-06 13:08:58,Twitter for iPhone,161536,32102,1,-1
"RT @yaneerbaryam: BREAKING: Coronavirus Outbreak. Good news on multiple fronts

US today now at 23,373, yesterday at this time was 30,571.‚Ä¶",139,1247143336370151424,2020-04-06 12:45:16,Twitter for iPhone,0,12922,0,1
RT @mattgaetz: So dumbfounded that the Democrats would rather revert to subpoenas than find solutions to the unprecedented crisis we are wo‚Ä¶,140,1247140184283627520,2020-04-06 12:32:45,Twitter for iPhone,0,11793,0,1
RT @RepRatcliffe: I don't know anyone in the last three years who has done more to help Vladimir Putin and Russia with their efforts to sow‚Ä¶,140,1247139865344593925,2020-04-06 12:31:29,Twitter for iPhone,0,14946,0,1
LIGHT AT THE END OF THE TUNNEL!,31,1247130744260083712,2020-04-06 11:55:14,Twitter for iPhone,414137,74233,0,1
USA STRONG!,11,1247130573010845708,2020-04-06 11:54:33,Twitter for iPhone,362171,60760,1,1
Thank you Gayle. I only wish the public could fully understand how corrupt &amp; dishonest so much of our Lamestream Me‚Ä¶ https://t.co/tNgx4h7pda,144,1247130183477460992,2020-04-06 11:53:00,Twitter for iPhone,72171,19701,1,-1
"For humanitarian reasons, the passengers from the two CoronaVirus stricken cruise ships have been given medical tre‚Ä¶ https://t.co/SO7dBO2aEn",140,1247129414485397504,2020-04-06 11:49:57,Twitter for iPhone,78284,16016,-1,0
.@gayletrotter  ‚ÄúTo this day the establishment media have not admitted that they were wrong and the President was right.‚Äù @FoxNews,130,1247127098797539329,2020-04-06 11:40:45,Twitter for iPhone,86421,17899,-1,-1
https://t.co/j8fKN49P1o,23,1246963819357880320,2020-04-06 00:51:56,Twitter for iPhone,61752,13312,-1,0
https://t.co/hUVUJb9zSA,23,1246963794124865537,2020-04-06 00:51:50,Twitter for iPhone,53144,11370,0,0
White House news conference at 6:45 P.M. Eastern. Thank you!,60,1246925577967357953,2020-04-05 22:19:59,Twitter for iPhone,108739,16321,1,0
"We are learning much about the Invisible Enemy. It is tough and smart, but we are tougher and smarter!",102,1246884203419099137,2020-04-05 19:35:34,Twitter for iPhone,384493,62582,-1,1
Thank you Gayle! https://t.co/DN4DDoHPtu,40,1246837639111729153,2020-04-05 16:30:32,Twitter for iPhone,59178,14260,1,0
"RT @MediaBuzzFNC: .@gayletrotter said ""President Trump disrupts the media narrative so CNN and MSNBC don't want to cover it live and straig‚Ä¶",140,1246836924167454721,2020-04-05 16:27:42,Twitter for iPhone,0,10539,1,1
"RT @MediaBuzzFNC: .@gayletrotter said ""the establishment media have not admitted that they were wrong and the president was right"" for bann‚Ä¶",140,1246836748962934784,2020-04-05 16:27:00,Twitter for iPhone,0,7711,1,-1
I agree! https://t.co/8QO4QquG4A,32,1246836636006178816,2020-04-05 16:26:33,Twitter for iPhone,44383,9455,0,0
A very biased ‚Äújournalist‚Äù. https://t.co/4jN4LW63FV,51,1246836481915748365,2020-04-05 16:25:57,Twitter for iPhone,42459,10030,-1,1
A great &amp; wonderful woman! https://t.co/6ivEcwk12Z,54,1246835910706171910,2020-04-05 16:23:40,Twitter for iPhone,150023,24420,1,1
"RT @ScottGottliebMD: Parts of Florida, including Miami, are becoming a major epicenter of #COVID19 spread; with cases doubling every 3.5 to‚Ä¶",140,1246835297771491331,2020-04-05 16:21:14,Twitter for iPhone,0,5563,-1,1
"RT @ScottGottliebMD: Encouraging signs #COVID19 spread may be slowing in many cities, especially northeast. Mitigation is working. New case‚Ä¶",140,1246835249323139073,2020-04-05 16:21:03,Twitter for iPhone,0,4780,0,1
Corrected Fake News! https://t.co/1LISKyeVNg,44,1246835160252809216,2020-04-05 16:20:41,Twitter for iPhone,47331,12270,-1,-1
"RT @AGHamilton29: Absolutely sickening that the Washington Post published this puff piece glorifying a vicious anti-Semite. 

Not only did‚Ä¶",139,1246834895692931073,2020-04-05 16:19:38,Twitter for iPhone,0,5096,0,-1
"RT @BorisJohnson: Thank you to everyone who is saving lives by staying at home this weekend. 

I know it's tough, but if we all work togeth‚Ä¶",140,1246834327113138182,2020-04-05 16:17:23,Twitter for iPhone,0,11863,1,-1
RT @realDonaldTrump: Palm Sunday is the beginning of a Holy week for many people of Faith and a great day to lift our voices in Prayer. I w‚Ä¶,140,1246814606221357057,2020-04-05 14:59:01,Twitter for iPhone,0,26144,-1,1
"RT @TimBurt: Psalm 33:18-20 ""But the LORD watches over those who fear him, those who rely on his unfailing love. 
 He rescues them from dea‚Ä¶",140,1246814369633243136,2020-04-05 14:58:05,Twitter for iPhone,0,7407,0,1
RT @PastorJohnHagee: Where do you go when the storms of life are greater than what you can endure and when the winds and the waves are crus‚Ä¶,140,1246814132285947905,2020-04-05 14:57:08,Twitter for iPhone,0,9452,-1,1
"RT @SandiHKaye: ‚ÄúAnd the multitudes that went before, and that followed, cried, saying, Hosanna to the Son of David: Blessed is he that com‚Ä¶",140,1246813656458854405,2020-04-05 14:55:15,Twitter for iPhone,0,6524,0,0
RT @DanScavino: https://t.co/teskRQ78l0,39,1246811724050808832,2020-04-05 14:47:34,Twitter for iPhone,0,10802,-1,0
"RT @DanScavino: Meet NYC Landlord, #SuperMario! https://t.co/udABPRV73A",71,1246810900310429696,2020-04-05 14:44:17,Twitter for iPhone,0,6131,-1,0
RT @Scavino45: https://t.co/WXqiB5br4Z,38,1246810440581120001,2020-04-05 14:42:28,Twitter for iPhone,0,7461,0,0
"RT @RealMattCouch: BREAKING: Joe Rogan says ""I'd vote for Trump over Biden. "" 

Liberal heads explode in 3...2...1...",117,1246628859396730880,2020-04-05 02:40:55,Twitter for iPhone,0,12630,0,0
RT @RealSaavedra: Joe Rogan on the 2020 election: ‚ÄúThis is the real issue with the Democratic Party. They‚Äôve essentially made us all morons‚Ä¶,140,1246628541573332994,2020-04-05 02:39:40,Twitter for iPhone,0,10119,-1,-1
"RT @realDailyWire: Joe Rogan On 2020 Election: I Would ‚ÄòRather Vote For Trump‚Äô Over Biden, Biden Can‚Äôt Handle Anything https://t.co/9AOG9OF‚Ä¶",140,1246628405564583938,2020-04-05 02:39:07,Twitter for iPhone,0,6616,-1,0
"RT @OANN: RNC Chairwoman Praises President Trump‚Äôs Virus Response
https://t.co/77LvKHv5QA #OANN https://t.co/kIHqeO1mZk",119,1246628013585960961,2020-04-05 02:37:34,Twitter for iPhone,0,5610,0,0
"RT @OANN: Joe Rogan: I‚Äôd Rather Vote For President Trump Than Biden
https://t.co/p9iLlPNTZo #OANN https://t.co/fW3I73BcXg",121,1246627693602451458,2020-04-05 02:36:18,Twitter for iPhone,0,5463,1,0
RT @OANN: Santilli: ‚ÄòI credit my life being saved‚Äô to President Trump and COVID-19... https://t.co/yuBWVMhhLb #OANN,115,1246627594629455874,2020-04-05 02:35:54,Twitter for iPhone,0,5434,0,0
RT @OANN: Hydroxychloroquine proving an effective treatment for coronavirus patien... https://t.co/L3imNmv1ua #OANN @PearsonSharp,129,1246627587289382918,2020-04-05 02:35:52,Twitter for iPhone,0,7893,0,1
"RT @TeamTrump: Throughout the #Coronavirus Crisis, most of the media is doing what they do best: Looking bad.

President @realDonaldTrump i‚Ä¶",140,1246625252731478018,2020-04-05 02:26:36,Twitter for iPhone,0,8844,1,1
RT @GOPChairwoman: ‚ÄúEvery decision that we‚Äôre making is made to save lives. It‚Äôs really our sole consideration.‚Äù -- @realDonaldTrump https:‚Ä¶,140,1246624937219063813,2020-04-05 02:25:20,Twitter for iPhone,0,9170,0,1
"RT @IngrahamAngle: ‚ÄúWe‚Äôve got to get this country open again,‚Äù @realDonaldTrump said in response to more questions about need for more aggr‚Ä¶",140,1246624898128150528,2020-04-05 02:25:11,Twitter for iPhone,0,9377,1,1
RT @TeamTrump: It took TWO MONTHS for Joe Biden to finally admit that President @realDonaldTrump's decision to restrict travel from China w‚Ä¶,140,1246624856617234433,2020-04-05 02:25:01,Twitter for iPhone,0,8622,1,0
He wants to raise taxes all over our Country! https://t.co/8RgHO9y8p6,69,1246619311638282241,2020-04-05 02:02:59,Twitter for iPhone,80300,21248,-1,1
RT @KatrinaPierson: Thread,26,1246619007626641408,2020-04-05 02:01:47,Twitter for iPhone,0,5075,-1,0
RT @SebGorka: Didn‚Äôt @realDonaldTrump say something about that?,63,1246618954115747840,2020-04-05 02:01:34,Twitter for iPhone,0,10696,-1,0
Disgraceful! https://t.co/Z8g6UWi6dB,36,1246618473519775745,2020-04-05 01:59:39,Twitter for iPhone,61361,15747,-1,0
RT @ByronYork: From @USATODAY: 'Fact check: Did the Obama administration deplete the federal stockpile of N95 masks?' Verdict: 'True.' http‚Ä¶,140,1246618136922685441,2020-04-05 01:58:19,Twitter for iPhone,0,12392,0,1
"RT @KatrinaPierson: President @realDonaldTrump knows more than anyone that small business are the backbone of our economy. 

TODAY is the f‚Ä¶",140,1246617956035055616,2020-04-05 01:57:36,Twitter for iPhone,0,6115,1,1
Palm Sunday is the beginning of a Holy week for many people of Faith and a great day to lift our voices in Prayer.‚Ä¶ https://t.co/UUhtbRYnks,139,1246579610105581570,2020-04-04 23:25:14,Twitter for iPhone,102781,26144,-1,1
RT @WhiteHouse: We will use every possible resource to end this war and open our country again. https://t.co/XeW0z7FsPf,119,1246568674619789312,2020-04-04 22:41:46,Twitter for iPhone,0,13683,-1,0
"RT @WhiteHouse: THANK YOU to our doctors, nurses, medical professionals, and the food supply workers who are feeding our Nation. üá∫üá∏ https:/‚Ä¶",140,1246568656181637121,2020-04-04 22:41:42,Twitter for iPhone,0,10216,0,0
RT @WhiteHouse: LIVE: Press Briefing with Coronavirus Task Force https://t.co/1hZPOGtyl9,88,1246531593822449667,2020-04-04 20:14:26,Twitter for iPhone,0,7774,-1,1
"....We will get through this together, and bats will be swinging before you know it. In the meantime, take care of‚Ä¶ https://t.co/OV9QIRxSoi",139,1246522958421639168,2020-04-04 19:40:07,Twitter for iPhone,93083,16180,0,0
"To all of our youth who are missing the start of their @LittleLeague seasons, hang in there! We will get you back o‚Ä¶ https://t.co/ecqekMs5DJ",140,1246522957398245381,2020-04-04 19:40:06,Twitter for iPhone,170846,29008,-1,-1
"The Paycheck Protection Program is up and running! The program is open to nonprofits as well, so banks be sure to s‚Ä¶ https://t.co/I8bzhiO7GT",140,1246517869594148866,2020-04-04 19:19:53,Twitter for iPhone,88161,18419,1,1
America owes our very hard working food supply workers so much as they produce and deliver high quality food for us‚Ä¶ https://t.co/QWb643oDoO,140,1246515478908076034,2020-04-04 19:10:23,Twitter for iPhone,152511,28442,-1,-1
https://t.co/GIzwKSbuuS,23,1246505477606948865,2020-04-04 18:30:39,Twitter for iPhone,46187,11325,1,0
I will be holding a News Conference at 3:30 P.M. at the White House. Thank you!,79,1246485027191435264,2020-04-04 17:09:23,Twitter for iPhone,128817,21130,-1,0
.@CNN is Fake News. They will take a good story and make it as bad as is humanly possible. They are a JOKE!,107,1246484589603885064,2020-04-04 17:07:39,Twitter for iPhone,272908,52614,1,-1
Good idea Dana! https://t.co/Vx7yfwfpIU,39,1246483991995260929,2020-04-04 17:05:16,Twitter for iPhone,78414,18473,0,1
RT @DanaPerino: Our surgeon general @JeromeAdamsMD is a very good communicator. üëèüèªüëèüèªüëèüèª,86,1246466705192353794,2020-04-04 15:56:35,Twitter for iPhone,0,5025,0,1
RT @BrandonStraka: I started #WalkAway w no money. No political connections. No media contacts. Only an idea 2 create a movement 2 free ppl‚Ä¶,140,1246466636791635968,2020-04-04 15:56:19,Twitter for iPhone,0,10454,1,1
"RT @jsolomonReports: Extraordinary interview with Rep. ‚Å¶@Jim_Jordan‚Å© about FISA abuses, FBI failures and where John Durham might end up.  h‚Ä¶",140,1246459359812599809,2020-04-04 15:27:24,Twitter for iPhone,0,6997,0,1
Great! https://t.co/2BL1hj32zJ,30,1246459270352207879,2020-04-04 15:27:02,Twitter for iPhone,56718,14375,-1,1
RT @jsolomonReports: Congrats Sharyl for getting this correction . It was a shameful and erroneous attack.,106,1246459073551360000,2020-04-04 15:26:15,Twitter for iPhone,0,7187,1,-1
RT @jsolomonReports: Mueller‚Äôs hidden evidence: Translator exonerated Don Jr. in Trump Tower meeting. Belatedly released FBI memos debunk o‚Ä¶,140,1246458878453219328,2020-04-04 15:25:29,Twitter for iPhone,0,17344,-1,-1
